{
   "locations":{
      "0":{
         "x":800,
         "y":-16294
      },
      "1":{
         "x":1773,
         "y":-14484
      },
      "2":{
         "x":2151,
         "y":-14484
      },
      "3":{
         "x":2525,
         "y":-14484
      },
      "4":{
         "x":2318,
         "y":-13270
      },
      "5":{
         "x":2881,
         "y":-12344
      },
      "6":{
         "x":1966,
         "y":-12045
      },
      "7":{
         "x":3353,
         "y":-11703
      },
      "8":{
         "x":1227,
         "y":-11288
      },
      "9":{
         "x":2640,
         "y":-11186
      },
      "10":{
         "x":1743,
         "y":-10873
      },
      "11":{
         "x":3140,
         "y":-10217
      },
      "12":{
         "x":2226,
         "y":-9849
      },
      "13":{
         "x":1699,
         "y":-9340
      },
      "14":{
         "x":2403,
         "y":-8612
      },
      "15":{
         "x":1795,
         "y":-7410
      },
      "16":{
         "x":2172,
         "y":-7410
      },
      "17":{
         "x":2544,
         "y":-7410
      },
      "18":{
         "x":2385,
         "y":-6182
      },
      "19":{
         "x":1641,
         "y":-5554
      },
      "20":{
         "x":2880,
         "y":-5312
      },
      "21":{
         "x":2439,
         "y":-4660
      },
      "22":{
         "x":2350,
         "y":-3865
      },
      "23":{
         "x":2108,
         "y":-3096
      },
      "24":{
         "x":2579,
         "y":-2451
      },
      "25":{
         "x":2948,
         "y":-2451
      },
      "26":{
         "x":3327,
         "y":-2451
      },
      "27":{
         "x":1716,
         "y":-2157
      },
      "28":{
         "x":2466,
         "y":-1601
      },
      "29":{
         "x":2301,
         "y":-673
      }
   },
   "paths":[
      {
         "ids":[
            0,
            2
         ],
         "nodes":[
            {
               "x":1002,
               "y":-16330
            },
            {
               "x":1002,
               "y":-16224
            },
            {
               "x":1239,
               "y":-16108
            },
            {
               "x":1239,
               "y":-15921
            },
            {
               "x":1792,
               "y":-15600
            },
            {
               "x":1792,
               "y":-15436
            },
            {
               "x":2275,
               "y":-15119
            },
            {
               "x":2275,
               "y":-14888
            }
         ]
      },
      {
         "ids":[
            2,
            4
         ],
         "nodes":[
            {
               "x":2322,
               "y":-14467
            },
            {
               "x":2322,
               "y":-14159
            },
            {
               "x":2546,
               "y":-14025
            },
            {
               "x":2546,
               "y":-13627
            }
         ]
      },
      {
         "ids":[
            4,
            5
         ],
         "nodes":[
            {
               "x":2539,
               "y":-13304
            },
            {
               "x":2539,
               "y":-13199
            },
            {
               "x":2724,
               "y":-13069
            },
            {
               "x":3020,
               "y":-13069
            },
            {
               "x":3132,
               "y":-12994
            },
            {
               "x":3132,
               "y":-12701
            }
         ]
      },
      {
         "ids":[
            5,
            6
         ],
         "nodes":[
            {
               "x":2916,
               "y":-12670
            },
            {
               "x":2644,
               "y":-12670
            },
            {
               "x":2483,
               "y":-12568
            },
            {
               "x":2483,
               "y":-12459
            },
            {
               "x":2322,
               "y":-12351
            }
         ]
      },
      {
         "ids":[
            4,
            6
         ],
         "nodes":[
            {
               "x":2441,
               "y":-13306
            },
            {
               "x":2441,
               "y":-13051
            },
            {
               "x":2216,
               "y":-12909
            },
            {
               "x":2216,
               "y":-12715
            },
            {
               "x":2107,
               "y":-12648
            },
            {
               "x":2107,
               "y":-12402
            }
         ]
      },
      {
         "ids":[
            6,
            10
         ],
         "nodes":[
            {
               "x":2075,
               "y":-12080
            },
            {
               "x":2075,
               "y":-11966
            },
            {
               "x":2221,
               "y":-11851
            },
            {
               "x":2221,
               "y":-11702
            },
            {
               "x":1981,
               "y":-11564
            },
            {
               "x":1981,
               "y":-11379
            },
            {
               "x":1903,
               "y":-11334
            },
            {
               "x":1903,
               "y":-11230
            }
         ]
      },
      {
         "ids":[
            6,
            8
         ],
         "nodes":[
            {
               "x":2001,
               "y":-12291
            },
            {
               "x":1906,
               "y":-12291
            },
            {
               "x":1817,
               "y":-12205
            },
            {
               "x":1817,
               "y":-12065
            },
            {
               "x":1699,
               "y":-11978
            },
            {
               "x":1531,
               "y":-11978
            },
            {
               "x":1294,
               "y":-11830
            },
            {
               "x":1292,
               "y":-11758
            },
            {
               "x":1466,
               "y":-11646
            }
         ]
      },
      {
         "ids":[
            5,
            7
         ],
         "nodes":[
            {
               "x":3238,
               "y":-12509
            },
            {
               "x":3636,
               "y":-12301
            },
            {
               "x":3636,
               "y":-12160
            },
            {
               "x":3519,
               "y":-12060
            }
         ]
      },
      {
         "ids":[
            5,
            9
         ],
         "nodes":[
            {
               "x":3122,
               "y":-12380
            },
            {
               "x":3221,
               "y":-12296
            },
            {
               "x":3221,
               "y":-12168
            },
            {
               "x":3292,
               "y":-12116
            },
            {
               "x":3292,
               "y":-11972
            },
            {
               "x":2907,
               "y":-11748
            },
            {
               "x":2907,
               "y":-11686
            },
            {
               "x":3155,
               "y":-11562
            },
            {
               "x":3155,
               "y":-11446
            },
            {
               "x":2997,
               "y":-11362
            }
         ]
      },
      {
         "ids":[
            9,
            10
         ],
         "nodes":[
            {
               "x":2676,
               "y":-11272
            },
            {
               "x":2581,
               "y":-11221
            },
            {
               "x":2581,
               "y":-11131
            },
            {
               "x":2376,
               "y":-11000
            },
            {
               "x":2099,
               "y":-11000
            }
         ]
      },
      {
         "ids":[
            9,
            11
         ],
         "nodes":[
            {
               "x":2870,
               "y":-11221
            },
            {
               "x":2870,
               "y":-10841
            },
            {
               "x":3047,
               "y":-10732
            },
            {
               "x":3047,
               "y":-10487
            },
            {
               "x":3176,
               "y":-10432
            }
         ]
      },
      {
         "ids":[
            9,
            12
         ],
         "nodes":[
            {
               "x":2744,
               "y":-11220
            },
            {
               "x":2744,
               "y":-10697
            },
            {
               "x":2467,
               "y":-10525
            },
            {
               "x":2467,
               "y":-10449
            },
            {
               "x":2590,
               "y":-10396
            },
            {
               "x":2590,
               "y":-10318
            },
            {
               "x":2423,
               "y":-10205
            }
         ]
      },
      {
         "ids":[
            10,
            12
         ],
         "nodes":[
            {
               "x":1984,
               "y":-10907
            },
            {
               "x":1984,
               "y":-10730
            },
            {
               "x":2164,
               "y":-10630
            },
            {
               "x":2164,
               "y":-10134
            },
            {
               "x":2261,
               "y":-10067
            }
         ]
      },
      {
         "ids":[
            7,
            11
         ],
         "nodes":[
            {
               "x":3499,
               "y":-11738
            },
            {
               "x":3499,
               "y":-11446
            },
            {
               "x":3744,
               "y":-11286
            },
            {
               "x":3744,
               "y":-10902
            },
            {
               "x":3607,
               "y":-10812
            },
            {
               "x":3607,
               "y":-10702
            },
            {
               "x":3358,
               "y":-10575
            }
         ]
      },
      {
         "ids":[
            10,
            13
         ],
         "nodes":[
            {
               "x":1830,
               "y":-10908
            },
            {
               "x":1830,
               "y":-10839
            },
            {
               "x":1689,
               "y":-10742
            },
            {
               "x":1689,
               "y":-10271
            },
            {
               "x":1505,
               "y":-10150
            },
            {
               "x":1505,
               "y":-9990
            },
            {
               "x":1859,
               "y":-9794
            },
            {
               "x":1859,
               "y":-9700
            }
         ]
      },
      {
         "ids":[
            8,
            13
         ],
         "nodes":[
            {
               "x":1459,
               "y":-11321
            },
            {
               "x":1460,
               "y":-11191
            },
            {
               "x":1591,
               "y":-11109
            },
            {
               "x":1391,
               "y":-10961
            },
            {
               "x":1255,
               "y":-10961
            },
            {
               "x":1098,
               "y":-10872
            },
            {
               "x":1098,
               "y":-10766
            },
            {
               "x":1353,
               "y":-10611
            },
            {
               "x":1353,
               "y":-10303
            },
            {
               "x":1149,
               "y":-10151
            },
            {
               "x":1149,
               "y":-9768
            },
            {
               "x":1271,
               "y":-9694
            },
            {
               "x":1506,
               "y":-9694
            },
            {
               "x":1732,
               "y":-9584
            }
         ]
      },
      {
         "ids":[
            13,
            14
         ],
         "nodes":[
            {
               "x":2056,
               "y":-9424
            },
            {
               "x":2174,
               "y":-9356
            },
            {
               "x":2494,
               "y":-9356
            },
            {
               "x":2494,
               "y":-9003
            }
         ]
      },
      {
         "ids":[
            12,
            14
         ],
         "nodes":[
            {
               "x":2453,
               "y":-9884
            },
            {
               "x":2453,
               "y":-9670
            },
            {
               "x":2847,
               "y":-9436
            },
            {
               "x":2847,
               "y":-9280
            },
            {
               "x":2599,
               "y":-9106
            },
            {
               "x":2599,
               "y":-9003
            }
         ]
      },
      {
         "ids":[
            11,
            14
         ],
         "nodes":[
            {
               "x":3382,
               "y":-10252
            },
            {
               "x":3382,
               "y":-9845
            },
            {
               "x":3266,
               "y":-9771
            },
            {
               "x":3266,
               "y":-9443
            },
            {
               "x":3194,
               "y":-9396
            },
            {
               "x":3194,
               "y":-9092
            },
            {
               "x":2941,
               "y":-8911
            },
            {
               "x":2798,
               "y":-8911
            }
         ]
      },
      {
         "ids":[
            14,
            17
         ],
         "nodes":[
            {
               "x":2592,
               "y":-8620
            },
            {
               "x":2592,
               "y":-8424
            },
            {
               "x":2884,
               "y":-8424
            },
            {
               "x":3122,
               "y":-8251
            },
            {
               "x":3122,
               "y":-8128
            },
            {
               "x":2799,
               "y":-8128
            },
            {
               "x":2587,
               "y":-8004
            },
            {
               "x":2587,
               "y":-7816
            }
         ]
      },
      {
         "ids":[
            13,
            15
         ],
         "nodes":[
            {
               "x":1891,
               "y":-9374
            },
            {
               "x":1891,
               "y":-9150
            },
            {
               "x":2176,
               "y":-8992
            },
            {
               "x":2176,
               "y":-8850
            },
            {
               "x":2048,
               "y":-8772
            },
            {
               "x":2048,
               "y":-8257
            },
            {
               "x":1866,
               "y":-8143
            },
            {
               "x":1866,
               "y":-8067
            },
            {
               "x":1467,
               "y":-7866
            },
            {
               "x":1467,
               "y":-7775
            },
            {
               "x":1614,
               "y":-7678
            },
            {
               "x":1778,
               "y":-7678
            }
         ]
      },
      {
         "ids":[
            16,
            18
         ],
         "nodes":[
            {
               "x":2469,
               "y":-7389
            },
            {
               "x":2469,
               "y":-6956
            },
            {
               "x":2605,
               "y":-6865
            },
            {
               "x":2605,
               "y":-6540
            }
         ]
      },
      {
         "ids":[
            18,
            19
         ],
         "nodes":[
            {
               "x":2516,
               "y":-6216
            },
            {
               "x":2516,
               "y":-5985
            },
            {
               "x":2228,
               "y":-5818
            },
            {
               "x":2000,
               "y":-5818
            }
         ]
      },
      {
         "ids":[
            18,
            20
         ],
         "nodes":[
            {
               "x":2653,
               "y":-6216
            },
            {
               "x":2653,
               "y":-5907
            },
            {
               "x":3044,
               "y":-5670
            }
         ]
      },
      {
         "ids":[
            20,
            21
         ],
         "nodes":[
            {
               "x":3058,
               "y":-5346
            },
            {
               "x":2653,
               "y":-5119
            },
            {
               "x":2653,
               "y":-5016
            }
         ]
      },
      {
         "ids":[
            19,
            21
         ],
         "nodes":[
            {
               "x":1831,
               "y":-5587
            },
            {
               "x":1831,
               "y":-5322
            },
            {
               "x":2233,
               "y":-5089
            },
            {
               "x":2233,
               "y":-4920
            },
            {
               "x":2472,
               "y":-4920
            }
         ]
      },
      {
         "ids":[
            21,
            22
         ],
         "nodes":[
            {
               "x":2645,
               "y":-4695
            },
            {
               "x":2645,
               "y":-4543
            },
            {
               "x":2523,
               "y":-4477
            },
            {
               "x":2523,
               "y":-4223
            }
         ]
      },
      {
         "ids":[
            22,
            23
         ],
         "nodes":[
            {
               "x":2527,
               "y":-3900
            },
            {
               "x":2527,
               "y":-3756
            },
            {
               "x":2256,
               "y":-3597
            },
            {
               "x":2256,
               "y":-3487
            }
         ]
      },
      {
         "ids":[
            23,
            24
         ],
         "nodes":[
            {
               "x":2261,
               "y":-3096
            },
            {
               "x":2261,
               "y":-2961
            },
            {
               "x":2562,
               "y":-2769
            }
         ]
      },
      {
         "ids":[
            24,
            28
         ],
         "nodes":[
            {
               "x":2762,
               "y":-2436
            },
            {
               "x":2924,
               "y":-2358
            },
            {
               "x":2924,
               "y":-2188
            },
            {
               "x":2716,
               "y":-2042
            },
            {
               "x":2716,
               "y":-1960
            }
         ]
      },
      {
         "ids":[
            27,
            28
         ],
         "nodes":[
            {
               "x":2111,
               "y":-2347
            },
            {
               "x":2355,
               "y":-2347
            },
            {
               "x":2594,
               "y":-2142
            },
            {
               "x":2594,
               "y":-1960
            }
         ]
      }
   ]
}